x;y;ap1_range;ap2_range;ap3_range;ap4_range;ap5_range;ap1_range_sq;ap2_range_sq;ap3_range_sq;ap4_range_sq;ap5_range_sq
0.7;0.5;103.0636039;395.6024137;650.8606823;1278.357191;1497.210763;10622.10645;156501.2697;423619.6278;1634197.108;2241640.069
0.7;1.5;188.6024064;488.6453201;686.0978542;1257.196396;1240.626866;35570.8677;238774.2489;470730.2655;1580542.778;1539155.021
0.7;2.5;251.0167618;770.2956958;652.7801586;1067.103262;1366.761328;63009.4147;593355.459;426121.9355;1138709.372;1868036.528
0.7;3.5;313.3824605;597.8994634;628.4747475;1237.646521;1225.274477;98208.56655;357483.7683;394980.5082;1531768.911;1501297.544
0.7;4.5;328.9531316;591.9873882;514.2891346;1083.20084;1401.351044;108210.1628;350449.0678;264493.314;1173324.06;1963784.749
0.7;5.5;620.8343358;1488.805171;552.0354389;964.2249826;1197.130904;385435.2725;2216540.837;304743.1258;929729.8171;1433122.401
0.7;6.5;424.2165218;2348.213369;533.3824063;910.0765226;1010.177123;179959.6574;5514106.026;284496.7914;828239.277;1020457.82
0.7;7.5;647.0874056;1334.341604;437.5596955;1123.960854;984.9163012;418722.1105;1780467.516;191458.4871;1263288.001;970060.1204
0.7;8.5;681.4441122;3313.345131;566.8924292;820.2435071;856.5303819;464366.0781;10978255.96;321367.0263;672799.4109;733644.2951
0.7;9.5;890.7873206;1669.012982;520.3228346;787.5714839;813.457013;793502.0505;2785604.334;270735.8522;620268.8423;661712.312
0.7;10.5;697.0853015;5017.136603;506.0154876;819.2668079;703.9210842;485927.9176;25171659.69;256051.6737;671198.1025;495504.8928
0.7;11.5;762.905613;5492.522286;426.835682;755.1594212;711.6912008;582024.9743;30167801.06;182188.6994;570265.7514;506504.3653
0.7;12.5;842.7132677;6910.201855;381.3345184;699.6587767;676.4958166;710165.6516;47750889.68;145416.0149;489522.4038;457646.5899
0.7;13.5;874.591399;9372.319029;500.0874621;663.6291592;735.0128909;764910.1152;87840363.98;250087.4697;440403.6609;540243.9498
0.7;14.5;1083.518079;5791.995209;735.1031421;597.8521116;520.1907036;1174011.428;33547208.5;540376.6295;357427.1473;270598.3681
0.7;15.5;1009.740023;10743.28135;1225.795735;465.6232274;456.76754;1019574.914;115418094.2;1502575.184;216804.9899;208636.5856
0.7;16.5;1070.828817;12287.39147;874.6296595;559.9808117;470.1285678;1146674.355;150979989.1;764977.0413;313578.5095;221020.8703
0.7;17.5;1231.769235;13736.17828;815.0987199;478.3144125;244.4929591;1517255.448;188682593.7;664385.9232;228784.6772;59776.80705
0.7;18.5;1146.129032;16305.93032;796.3396274;434.2803877;207.4914783;1313611.758;265883363.6;634156.8022;188599.4551;43052.71357
1.7;0.5;201.8147077;185.0692567;726.1720969;1244.604296;1301.716268;40729.17624;34250.62978;527325.9143;1549039.854;1694465.242
1.7;1.5;284.3634929;275.3471723;611.5476551;1229.636757;1314.136314;80862.59609;75816.06529;373990.5345;1512006.554;1726954.252
1.7;2.5;291.8380968;425.9687492;757.7637635;1116.313899;1099.282576;85169.47474;181449.3753;574205.9213;1246156.721;1208422.182
1.7;3.5;430.6380818;345.9791537;497.85002;1219.29941;1177.250674;185449.1575;119701.5748;247854.6424;1486691.051;1385919.149
1.7;4.5;435.7082406;817.7569036;522.0312461;1105.890595;1080.419378;189841.6709;668726.3534;272516.6219;1222994.008;1167306.032
1.7;5.5;474.0671941;1004.761802;408.0714839;1045.316085;1114.784253;224739.7045;1009546.279;166522.336;1092685.718;1242743.931
1.7;6.5;586.9743879;1880.217798;449.8433116;1043.476442;1065.244989;344538.9321;3535218.968;202359.005;1088843.085;1134746.887
1.7;7.5;520.2991464;1415.0143;480.6609306;918.7133717;846.3566434;270711.2017;2002265.469;231034.9302;844034.2593;716319.5678
1.7;8.5;686.0558277;1849.272806;353.7456398;859.3652917;987.5374289;470672.5987;3419809.911;125135.9777;738508.7046;975230.1735
1.7;9.5;789.2230033;2932.366036;307.433396;786.612296;770.7906306;622872.9489;8598770.569;94515.29298;618758.9042;594118.1962
1.7;10.5;684.2792471;3035.670775;375.3371633;765.3825486;660.4255159;468238.088;9215297.054;140877.9862;585810.4457;436161.8621
1.7;11.5;910.2547061;4148.425924;267.5713515;742.8610476;677.2523111;828563.63;17209437.65;71594.42814;551842.536;458670.6929
1.7;12.5;895.8402224;7161.803335;401.9233006;636.0312419;676.0347;802529.7041;51291427.01;161542.3396;404535.7407;457022.9156
1.7;13.5;893.0664385;4672.231226;462.9403056;637.1891736;680.8234101;797567.6636;21829744.63;214313.7265;406010.043;463520.5157
1.7;14.5;1108.483333;10151.59088;803.9302325;494.3525828;521.2475709;1228735.3;103054797.4;646303.8187;244384.4761;271699.0302
1.7;15.5;1049.587591;67910.47477;706.053841;424.729897;419.7660591;1101634.111;4611832583;498512.0264;180395.4854;176203.5444
1.7;16.5;1211.359341;19236.16144;921.129137;364.8240528;279.3139558;1467391.453;370029906.9;848478.887;133096.5895;78016.2859
1.7;17.5;1194.462241;51251.14522;706.9993709;317.0813846;377.1798689;1426740.045;2626679886;499848.1105;100540.6045;142264.6535
1.7;18.5;1149.190411;32236.80735;1069.006275;499.3528909;341.3576295;1320638.601;1039211748;1142774.416;249353.3097;116525.0312
2.7;0.5;304.7587578;206.218902;796.1177574;1112.132455;1349.830869;92877.90046;42526.23554;633803.4836;1236838.597;1822043.375
2.7;1.5;335.3322018;300.9111244;762.2606242;1102.083632;1387.948523;112447.6856;90547.50479;581041.2592;1214588.332;1926401.102
2.7;2.5;281.0801548;191.5736565;552.5839484;1296.700724;1354.783584;79006.05342;36700.46586;305349.02;1681432.768;1835438.559
2.7;3.5;354.3128707;721.4255102;457.5841465;1035.679124;1294.758933;125537.6103;520454.7668;209383.2511;1072631.248;1676400.695
2.7;4.5;393.7907052;595.7173267;471.1130545;1109.165421;1194.661172;155071.1195;354879.1333;221947.5101;1230247.931;1427215.316
2.7;5.5;445.0537741;1372.834441;333.6741923;1064.95526;1073.688802;198072.8618;1884674.402;111338.4666;1134129.706;1152807.644
2.7;6.5;533.2499106;1139.957675;310.1248797;1030.065868;993.4351883;284355.4672;1299503.501;96177.44101;1061035.692;986913.4734
2.7;7.5;583.395847;2022.792014;362.6205149;968.9219452;992.5102677;340350.7143;4091687.532;131493.6378;938809.7359;985076.6315
2.7;8.5;637.7408285;1345.285211;446.735233;759.3297729;1006.516541;406713.3643;1809792.299;199572.3684;576581.704;1013075.547
2.7;9.5;750.2159676;2204.19098;351.7609631;651.0647841;908.9955003;562823.998;4858457.876;123735.7752;423885.3531;826272.8196
2.7;10.5;752.4044191;1824.327402;326.6154836;742.0684352;782.972417;566112.4099;3328170.47;106677.6741;550665.5625;613045.8058
2.7;11.5;695.6079961;4771.591263;308.3227558;631.9638027;813.766193;483870.4842;22768083.18;95062.92174;399378.2479;662215.4169
2.7;12.5;974.0015761;10638.2404;515.5155151;597.2747766;716.9237725;948679.0702;113172158.8;265756.2463;356737.1588;513979.6956
2.7;13.5;910.7431159;13810.2491;510.2729728;595.9243998;522.8161845;829453.0232;190722980.2;260378.5068;355125.8903;273336.7628
2.7;14.5;914.4813293;11214.51808;782.4638943;533.5801324;536.4775851;836276.1016;125765415.8;612249.7459;284707.7577;287808.1993
2.7;15.5;1096.348228;15957.57166;579.5119773;464.4290167;424.3940254;1201979.437;254644093.3;335834.1318;215694.3116;180110.2888
2.7;16.5;1136.510541;22920.74369;684.1194186;481.8860611;438.20005;1291656.21;525360491.3;468019.3789;232214.1759;192019.2838
2.7;17.5;1164.2623;37434.726;796.8528005;342.2101347;198.0241722;1355506.703;1401358711;634974.3857;117107.7763;39213.57278
2.7;18.5;1253.794638;25889.44331;892.1172826;255.9573655;334.7828023;1572000.994;670263274.9;795873.2459;65514.17295;112079.5247
3.7;0.5;427.3301342;108.2010173;618.7935975;1312.602615;1462.771722;182611.0436;11707.46014;382905.5163;1722925.625;2139701.111
3.7;1.5;404.02601;168.6598501;616.6497722;1347.790694;1355.705501;163237.0168;28446.14504;380256.9416;1816539.755;1837937.405
3.7;2.5;400.4798635;242.9424732;560.6415557;1131.250931;1293.20756;160384.1211;59021.04528;314318.954;1279728.669;1672385.793
3.7;3.5;433.4686095;255.1552274;419.7361404;1074.251332;1240.740587;187895.0354;65104.19007;176178.4276;1154015.924;1539437.204
3.7;4.5;464.0829709;373.9158553;462.2756261;1042.096709;1186.987759;215373.0039;139813.0668;213698.7545;1085965.551;1408939.94
3.7;5.5;531.1172145;346.7626578;337.1005681;983.0519745;1181.444768;282085.4955;120244.3408;113636.793;966391.1846;1395811.74
3.7;6.5;554.7839562;644.3991618;237.8948176;758.3316683;972.5966626;307785.2381;415250.2797;56593.94424;575066.9191;945944.2681
3.7;7.5;588.5992897;625.2804289;252.0518421;1236.648816;878.8135948;346449.1238;390975.6148;63530.13111;1529300.294;772313.3344
3.7;8.5;664.7066844;1104.722936;241.3789238;678.7083663;945.1069876;441834.9763;1220412.765;58263.78485;460645.0465;893227.218
3.7;9.5;747.4357888;2560.412423;215.3144392;624.4290918;732.8435317;558660.2584;6555711.776;46360.30773;389911.6907;537059.642
3.7;10.5;837.9888422;1622.576454;159.191152;743.8297962;807.1246163;702225.2997;2632754.349;25341.82288;553282.7657;651450.1462
3.7;11.5;797.8453145;2378.31421;337.6435457;674.3049638;655.681093;636557.1459;5656378.481;114003.164;454687.1842;429917.6957
3.7;12.5;825.2901877;2221.452226;342.8299179;579.700308;788.8018746;681103.8939;4934849.992;117532.3526;336052.4471;622208.3974
3.7;13.5;919.1024373;3738.192179;503.925752;589.8281337;676.9964379;844749.2903;13974080.77;253941.1635;347897.2273;458324.1769
3.7;14.5;1061.605386;13903.9767;664.2352048;453.1660917;564.7571294;1127005.996;193320568.1;441208.4073;205359.5067;318950.6152
3.7;15.5;1155.934223;13512.49877;692.7321666;354.6962271;429.7117368;1336183.928;182587623;479877.8546;125809.4135;184652.1767
3.7;16.5;1177.335121;30427.97948;846.0138616;253.9503725;403.7693336;1386117.987;925861935.2;715739.454;64490.79169;163029.6748
3.7;17.5;1051.733873;31567.44198;794.5872733;193.6393353;357.1772644;1106144.14;996503393.2;631368.9349;37496.19218;127575.5982
3.7;18.5;1151.18162;74623.36198;968.3120172;200.9302282;468.8047024;1325219.122;5568646153;937628.1627;40372.9566;219777.849
4.7;0.5;464.6653056;88.2342911;720.0401948;1290.448608;1281.791538;215913.8462;7785.290126;518457.8821;1665257.61;1642989.547
4.7;1.5;424.5969179;154.4192993;691.4983351;1171.575514;1322.017884;180282.5427;23845.32;478169.9474;1372589.185;1747731.286
4.7;2.5;537.4176225;204.1226175;683.5166077;1134.597517;1476.611121;288817.701;41666.04298;467194.953;1287311.526;2180380.403
4.7;3.5;498.6003935;221.8171168;511.6116934;1089.800236;1273.080727;248602.3524;49202.83331;261746.5248;1187664.554;1620734.537
4.7;4.5;494.5991902;481.2980822;401.6400079;1064.593203;1275.105462;244628.3589;231647.8439;161314.6959;1133358.688;1625893.939
4.7;5.5;460.9458772;710.0258398;513.4933916;1100.172695;1153.966218;212471.1017;504136.6932;263675.4632;1210379.959;1331638.032
4.7;6.5;482.7364678;843.1099917;288.8879027;1051.37321;1014.404108;233034.4973;710834.4581;83456.22033;1105385.627;1029015.694
4.7;7.5;589.8578842;1016.126747;209.1076436;1127.190015;882.1844453;347932.3236;1032513.566;43726.00661;1270557.33;778249.3955
4.7;8.5;678.5512234;1917.938067;129.2524911;1067.215674;1059.693654;460431.7628;3678486.429;16706.20646;1138949.295;1122950.64
4.7;9.5;634.2092501;2349.731403;179.8243005;828.3457676;950.680572;402221.3729;5521237.666;32336.77905;686156.7107;903793.55
4.7;10.5;834.9362811;2229.710066;253.9126566;770.3774204;644.3893001;697118.5935;4971606.978;64471.63718;593481.3699;415237.5701
4.7;11.5;865.293403;6671.495432;370.4962793;659.5426818;799.9413242;748732.6733;44508851.3;137267.493;434996.5491;639906.1222
4.7;12.5;887.7596783;12731.18154;613.2233963;645.9330728;593.5150452;788117.2464;162082983.4;376042.9338;417229.5345;352260.1089
4.7;13.5;1044.266838;17754.25775;608.1774494;491.2017037;574.702807;1090493.229;315213668.3;369879.81;241279.1137;330283.3164
4.7;14.5;1064.596417;49531.65941;713.2810599;484.4498199;738.572865;1133365.531;2453385284;508769.8704;234691.628;545489.8769
4.7;15.5;1134.462977;20886.87739;941.6312218;326.7982261;548.85962;1287006.246;436261647.1;886669.3579;106797.0806;301246.8825
4.7;16.5;1243.434715;14452.71214;673.7185893;228.0445866;698.1004094;1546129.89;208880888.2;453896.7376;52004.33348;487344.1816
4.7;17.5;1139.610065;41668.27641;923.8440249;209.2773053;552.3528446;1298711.1;1736245259;853487.7823;43796.99051;305093.6649
4.7;18.5;1211.425089;52037.74877;1038.299956;148.607206;372.6520268;1467550.746;2707927297;1078066.799;22084.10168;138869.5331
