x;y;ap1 range (m);ap2 range (m);ap3 range (m);ap4 range (m);ap5 range (m);ap1 std (m);ap2 std (m);ap3 std (m);ap4 std (m);ap5 std (m)
0.7;0.5;103.0636039;395.6024137;650.8606823;1278.357191;1497.210763;28.5584396;38.66654567;19.12652218;62.96060307;22.17638995
0.7;1.5;188.6024064;488.6453201;686.0978542;1257.196396;1240.626866;23.92276785;70.33622003;15.88212971;10.82527713;28.72366949
0.7;2.5;251.0167618;770.2956958;652.7801586;1067.103262;1366.761328;18.49579073;90.58406094;16.67724108;21.18104289;28.76478926
0.7;3.5;313.3824605;597.8994634;628.4747475;1237.646521;1225.274477;19.66008612;77.8508148;18.47999975;20.03879134;23.70920131
0.7;4.5;328.9531316;591.9873882;514.2891346;1083.20084;1401.351044;20.88405698;70.00640398;23.71865085;24.15682334;32.67461276
0.7;5.5;620.8343358;1488.805171;552.0354389;964.2249826;1197.130904;19.43765542;145.6796122;22.6203281;21.19697794;21.49688197
0.7;6.5;424.2165218;2348.213369;533.3824063;910.0765226;1010.177123;22.75535968;514.9403195;17.7906709;17.46965664;23.18875894
0.7;7.5;647.0874056;1334.341604;437.5596955;1123.960854;984.9163012;20.37388654;149.6975207;21.40540049;28.75408876;26.92035477
0.7;8.5;681.4441122;3313.345131;566.8924292;820.2435071;856.5303819;17.52201088;475.0110643;16.87091847;23.79097253;29.8083101
0.7;9.5;890.7873206;1669.012982;520.3228346;787.5714839;813.457013;20.33886367;241.333596;22.47984338;21.90566983;18.38988321
0.7;10.5;697.0853015;5017.136603;506.0154876;819.2668079;703.9210842;21.40812019;747.3886245;18.33037822;17.2033495;22.63774763
0.7;11.5;762.905613;5492.522286;426.835682;755.1594212;711.6912008;22.33516463;897.4935024;23.03226565;26.56060774;20.57500793
0.7;12.5;842.7132677;6910.201855;381.3345184;699.6587767;676.4958166;18.78582811;623.9161823;16.27081838;15.82843025;22.29913334
0.7;13.5;874.591399;9372.319029;500.0874621;663.6291592;735.0128909;13.80018348;1019.498986;19.19367195;18.94041049;80.55896413
0.7;14.5;1083.518079;5791.995209;735.1031421;597.8521116;520.1907036;16.87633155;740.6732281;16.75196217;20.13378323;27.11864554
0.7;15.5;1009.740023;10743.28135;1225.795735;465.6232274;456.76754;18.01312438;2106.715797;30.42636639;20.61583391;22.19208389
0.7;16.5;1070.828817;12287.39147;874.6296595;559.9808117;470.1285678;27.62009215;1052.493984;15.4949454;19.45772651;17.06043055
0.7;17.5;1231.769235;13736.17828;815.0987199;478.3144125;244.4929591;22.2441288;1831.159389;18.6225056;18.13953877;18.29937562
0.7;18.5;1146.129032;16305.93032;796.3396274;434.2803877;207.4914783;12.34065498;2209.70417;17.25697848;21.19924799;22.57588688
1.7;0.5;201.8147077;185.0692567;726.1720969;1244.604296;1301.716268;24.57504375;25.19057581;14.61975816;30.88164301;22.06399387
1.7;1.5;284.3634929;275.3471723;611.5476551;1229.636757;1314.136314;18.38712441;35.39634954;25.96842931;24.92205138;20.31331387
1.7;2.5;291.8380968;425.9687492;757.7637635;1116.313899;1099.282576;25.77338463;52.38513467;88.75894263;15.97416332;26.48916147
1.7;3.5;430.6380818;345.9791537;497.85002;1219.29941;1177.250674;20.03198889;63.44933317;18.90594723;22.78204587;30.14846995
1.7;4.5;435.7082406;817.7569036;522.0312461;1105.890595;1080.419378;21.50447521;88.49368868;16.74624904;22.41860473;31.47890565
1.7;5.5;474.0671941;1004.761802;408.0714839;1045.316085;1114.784253;21.99811615;141.6446387;22.59252575;17.05416408;18.43710089
1.7;6.5;586.9743879;1880.217798;449.8433116;1043.476442;1065.244989;19.50281118;277.1681872;17.62491736;17.6762517;20.29634699
1.7;7.5;520.2991464;1415.0143;480.6609306;918.7133717;846.3566434;27.33534139;487.9865638;18.80040806;14.93212994;34.01431706
1.7;8.5;686.0558277;1849.272806;353.7456398;859.3652917;987.5374289;16.41837374;292.3205983;27.25617861;28.64018158;27.50618995
1.7;9.5;789.2230033;2932.366036;307.433396;786.612296;770.7906306;22.0338606;329.4383809;18.77398598;22.250945;52.01253265
1.7;10.5;684.2792471;3035.670775;375.3371633;765.3825486;660.4255159;26.01129272;252.3160294;20.12679783;18.71162505;26.86077104
1.7;11.5;910.2547061;4148.425924;267.5713515;742.8610476;677.2523111;32.77967631;427.6444049;16.28486093;19.354415;26.70354456
1.7;12.5;895.8402224;7161.803335;401.9233006;636.0312419;676.0347;18.7416123;814.8892995;38.75199532;19.48495495;22.63758765
1.7;13.5;893.0664385;4672.231226;462.9403056;637.1891736;680.8234101;20.53873799;444.3643579;37.71039388;18.93949223;16.52744259
1.7;14.5;1108.483333;10151.59088;803.9302325;494.3525828;521.2475709;14.288358;1462.747158;19.55828666;25.00738547;20.73044722
1.7;15.5;1049.587591;67910.47477;706.053841;424.729897;419.7660591;13.88213419;6547.808278;17.9449347;31.64770015;26.96955626
1.7;16.5;1211.359341;19236.16144;921.129137;364.8240528;279.3139558;22.41764402;1844.892215;18.08023665;19.90469505;20.94305476
1.7;17.5;1194.462241;51251.14522;706.9993709;317.0813846;377.1798689;21.72749361;5317.901893;22.51861877;25.58838515;28.45178939
1.7;18.5;1149.190411;32236.80735;1069.006275;499.3528909;341.3576295;15.53144261;4459.613864;23.21318418;23.77888081;24.72065753
2.7;0.5;304.7587578;206.218902;796.1177574;1112.132455;1349.830869;30.35349692;25.5894228;20.83936395;23.0342355;26.28988887
2.7;1.5;335.3322018;300.9111244;762.2606242;1102.083632;1387.948523;22.59737571;37.79149607;35.84493458;23.88279916;26.00328681
2.7;2.5;281.0801548;191.5736565;552.5839484;1296.700724;1354.783584;23.31755462;41.98575093;20.79057299;29.27652729;26.50334442
2.7;3.5;354.3128707;721.4255102;457.5841465;1035.679124;1294.758933;14.96227723;66.35729359;27.08075645;24.52836313;24.58057073
2.7;4.5;393.7907052;595.7173267;471.1130545;1109.165421;1194.661172;18.40556157;68.5778104;24.17593288;23.29553287;25.90147313
2.7;5.5;445.0537741;1372.834441;333.6741923;1064.95526;1073.688802;20.47800851;191.4039075;24.08488699;19.95025575;27.9972103
2.7;6.5;533.2499106;1139.957675;310.1248797;1030.065868;993.4351883;19.56376294;326.9451623;19.66666202;28.9959046;24.09989459
2.7;7.5;583.395847;2022.792014;362.6205149;968.9219452;992.5102677;18.63125555;270.3791105;23.29217131;20.63013073;25.53376791
2.7;8.5;637.7408285;1345.285211;446.735233;759.3297729;1006.516541;20.41503927;152.1626212;18.78803302;19.11264856;20.42679175
2.7;9.5;750.2159676;2204.19098;351.7609631;651.0647841;908.9955003;15.65452443;258.7031346;16.09700588;18.15432383;18.33073245
2.7;10.5;752.4044191;1824.327402;326.6154836;742.0684352;782.972417;15.78849555;231.3281884;22.79393853;20.02140672;73.4829224
2.7;11.5;695.6079961;4771.591263;308.3227558;631.9638027;813.766193;33.02152166;578.5880689;22.02971007;22.46510545;19.68114402
2.7;12.5;974.0015761;10638.2404;515.5155151;597.2747766;716.9237725;18.69690083;1083.412887;19.13335999;31.93833933;18.63874072
2.7;13.5;910.7431159;13810.2491;510.2729728;595.9243998;522.8161845;14.63664346;1642.57026;15.22590689;15.55535375;21.43878701
2.7;14.5;914.4813293;11214.51808;782.4638943;533.5801324;536.4775851;25.68423504;1304.754179;20.18057893;17.64383939;22.9127397
2.7;15.5;1096.348228;15957.57166;579.5119773;464.4290167;424.3940254;19.60210089;1883.789536;22.75909566;19.97807066;20.81232024
2.7;16.5;1136.510541;22920.74369;684.1194186;481.8860611;438.20005;22.09062701;2279.777075;20.57944696;19.88150001;39.69870205
2.7;17.5;1164.2623;37434.726;796.8528005;342.2101347;198.0241722;21.72308454;4140.934435;21.25535776;15.21567372;25.48023333
2.7;18.5;1253.794638;25889.44331;892.1172826;255.9573655;334.7828023;18.27204946;2948.25759;15.36798235;22.65318321;27.60684257
3.7;0.5;427.3301342;108.2010173;618.7935975;1312.602615;1462.771722;23.47074094;10.41341428;20.52210969;21.47534187;39.92825405
3.7;1.5;404.02601;168.6598501;616.6497722;1347.790694;1355.705501;20.78388198;15.43186242;19.76325956;17.02142742;23.96437822
3.7;2.5;400.4798635;242.9424732;560.6415557;1131.250931;1293.20756;21.57192172;24.67957202;24.93011232;49.36756925;31.676799
3.7;3.5;433.4686095;255.1552274;419.7361404;1074.251332;1240.740587;16.85751917;28.26903825;17.73303845;26.57914393;33.92040512
3.7;4.5;464.0829709;373.9158553;462.2756261;1042.096709;1186.987759;20.83935519;34.61340292;19.48252268;30.87457875;27.52670209
3.7;5.5;531.1172145;346.7626578;337.1005681;983.0519745;1181.444768;16.81151293;42.05411311;13.93827961;18.99686262;27.8772368
3.7;6.5;554.7839562;644.3991618;237.8948176;758.3316683;972.5966626;35.66644649;86.87622573;20.74647604;37.91214813;39.60327215
3.7;7.5;588.5992897;625.2804289;252.0518421;1236.648816;878.8135948;19.64092047;70.90732697;17.77572303;17.871565;25.3620595
3.7;8.5;664.7066844;1104.722936;241.3789238;678.7083663;945.1069876;19.00898293;97.92181901;21.71436895;17.02324124;16.98815874
3.7;9.5;747.4357888;2560.412423;215.3144392;624.4290918;732.8435317;19.41842881;216.1509904;19.62202593;20.97298381;18.96319096
3.7;10.5;837.9888422;1622.576454;159.191152;743.8297962;807.1246163;27.97579213;183.1766134;0;20.50032416;25.21224286
3.7;11.5;797.8453145;2378.31421;337.6435457;674.3049638;655.681093;17.93961207;230.4474425;15.60290113;18.60952013;22.0379553
3.7;12.5;825.2901877;2221.452226;342.8299179;579.700308;788.8018746;19.50732252;338.3710449;15.63235671;21.52570293;43.65763001
3.7;13.5;919.1024373;3738.192179;503.925752;589.8281337;676.9964379;19.72852197;404.9239676;15.3421349;27.14372094;25.60113978
3.7;14.5;1061.605386;13903.9767;664.2352048;453.1660917;564.7571294;16.16442934;1331.871861;20.23230548;21.90101123;20.30021688
3.7;15.5;1155.934223;13512.49877;692.7321666;354.6962271;429.7117368;23.37815812;1395.422648;21.11887767;21.56049866;23.39016361
3.7;16.5;1177.335121;30427.97948;846.0138616;253.9503725;403.7693336;18.65468932;2830.141545;19.99044512;16.80625367;21.39343582
3.7;17.5;1051.733873;31567.44198;794.5872733;193.6393353;357.1772644;20.61058186;3997.234628;17.91149124;19.40145096;25.24156637
3.7;18.5;1151.18162;74623.36198;968.3120172;200.9302282;468.8047024;25.06799574;10964.29702;24.24467578;31.48696112;39.21254525
4.7;0.5;464.6653056;88.2342911;720.0401948;1290.448608;1281.791538;18.33255895;6.345632524;22.31921722;23.74089786;17.14065883
4.7;1.5;424.5969179;154.4192993;691.4983351;1171.575514;1322.017884;21.33767669;17.81890393;20.98496983;32.33064273;23.92251917
4.7;2.5;537.4176225;204.1226175;683.5166077;1134.597517;1476.611121;17.10166477;26.49740898;31.51472439;29.46621755;30.49729726
4.7;3.5;498.6003935;221.8171168;511.6116934;1089.800236;1273.080727;21.69910927;21.91936458;18.0577072;24.66565616;28.4895401
4.7;4.5;494.5991902;481.2980822;401.6400079;1064.593203;1275.105462;23.73747226;49.25077649;26.49047972;24.58162152;22.28222725
4.7;5.5;460.9458772;710.0258398;513.4933916;1100.172695;1153.966218;19.80722339;57.83811329;19.76859613;82.08836318;28.36877958
4.7;6.5;482.7364678;843.1099917;288.8879027;1051.37321;1014.404108;17.93134316;96.00135943;21.34956295;53.62457509;34.65419671
4.7;7.5;589.8578842;1016.126747;209.1076436;1127.190015;882.1844453;18.18531251;156.1894672;13.90195553;25.56448027;23.15664611
4.7;8.5;678.5512234;1917.938067;129.2524911;1067.215674;1059.693654;18.96742504;178.6392192;23.73581333;58.62745617;24.33589248
4.7;9.5;634.2092501;2349.731403;179.8243005;828.3457676;950.680572;19.16311582;239.2777837;24.04759341;39.3461134;22.67940714
4.7;10.5;834.9362811;2229.710066;253.9126566;770.3774204;644.3893001;25.16430113;265.0468214;21.31181335;17.16778268;25.71178641
4.7;11.5;865.293403;6671.495432;370.4962793;659.5426818;799.9413242;18.98556822;876.0517226;20.38690666;25.99024505;20.44604441
4.7;12.5;887.7596783;12731.18154;613.2233963;645.9330728;593.5150452;25.45933433;1458.908947;17.4225903;19.3860771;28.88196974
4.7;13.5;1044.266838;17754.25775;608.1774494;491.2017037;574.702807;20.72229784;2082.138502;21.40732419;19.83692496;23.12295312
4.7;14.5;1064.596417;49531.65941;713.2810599;484.4498199;738.572865;26.98811809;12249.33349;18.15736254;20.95717319;18.33546149
4.7;15.5;1134.462977;20886.87739;941.6312218;326.7982261;548.85962;21.9985847;2920.772577;18.78751894;20.23914521;22.70656224
4.7;16.5;1243.434715;14452.71214;673.7185893;228.0445866;698.1004094;20.08487196;2352.799013;18.57236999;46.94708805;23.37294713
4.7;17.5;1139.610065;41668.27641;923.8440249;209.2773053;552.3528446;23.98170025;4884.965962;19.71860118;17.91678671;17.10851965
4.7;18.5;1211.425089;52037.74877;1038.299956;148.607206;372.6520268;24.09844797;5196.285956;22.29888523;20.69584881;20.41490853
